"10 มี.ค. 2557",10.5808
"07 มี.ค. 2557",10.5713
"06 มี.ค. 2557",10.5592
"05 มี.ค. 2557",10.5825
"04 มี.ค. 2557",10.6298
"03 มี.ค. 2557",10.4906
"28 ก.พ. 2557",10.6054
"27 ก.พ. 2557",10.5429
"26 ก.พ. 2557",10.6254
"25 ก.พ. 2557",10.6119
"24 ก.พ. 2557",10.632
"21 ก.พ. 2557",10.5351
"20 ก.พ. 2557",10.5006
"19 ก.พ. 2557",10.5474
"18 ก.พ. 2557",10.4674
"17 ก.พ. 2557",10.3995
"13 ก.พ. 2557",10.3857
"12 ก.พ. 2557",10.4208
"11 ก.พ. 2557",10.4293
"10 ก.พ. 2557",10.3174
"07 ก.พ. 2557",10.2422
"06 ก.พ. 2557",10.1431
"05 ก.พ. 2557",10.0099
"04 ก.พ. 2557",10.0213
"03 ก.พ. 2557",10.0891
"31 ม.ค. 2557",10.3156
"30 ม.ค. 2557",10.3788
"29 ม.ค. 2557",10.2981
"28 ม.ค. 2557",10.3054
"27 ม.ค. 2557",10.2983
"24 ม.ค. 2557",10.3563
"23 ม.ค. 2557",10.533
"22 ม.ค. 2557",10.6155
"21 ม.ค. 2557",10.5769
"20 ม.ค. 2557",10.6198
"17 ม.ค. 2557",10.6515
"16 ม.ค. 2557",10.6059
"15 ม.ค. 2557",10.6566
"14 ม.ค. 2557",10.5351
"13 ม.ค. 2557",10.6357
"10 ม.ค. 2557",10.5528
"09 ม.ค. 2557",10.5977
"08 ม.ค. 2557",10.6235
"07 ม.ค. 2557",10.6421
"06 ม.ค. 2557",10.5236
"03 ม.ค. 2557",10.5998
"02 ม.ค. 2557",10.5964
"27 ธ.ค. 2556",10.6037
"26 ธ.ค. 2556",10.4834
"25 ธ.ค. 2556",10.4535
"24 ธ.ค. 2556",10.4376
"23 ธ.ค. 2556",10.425
"20 ธ.ค. 2556",10.3193
"19 ธ.ค. 2556",10.2345
"18 ธ.ค. 2556",10.0572
"17 ธ.ค. 2556",9.9782
"16 ธ.ค. 2556",9.9985
"13 ธ.ค. 2556",9.9265
"12 ธ.ค. 2556",9.9718
"11 ธ.ค. 2556",10.005
"09 ธ.ค. 2556",10.1165
"06 ธ.ค. 2556",10.1437
"04 ธ.ค. 2556",10.1094
"03 ธ.ค. 2556",10.0815
"02 ธ.ค. 2556",10.2111
"29 พ.ย. 2556",10.1907
"28 พ.ย. 2556",10.2124
"27 พ.ย. 2556",10.181
"26 พ.ย. 2556",10.1025
"25 พ.ย. 2556",10.138
"22 พ.ย. 2556",10.0365
"21 พ.ย. 2556",9.9755
"20 พ.ย. 2556",10.0364
"19 พ.ย. 2556",9.9326
"18 พ.ย. 2556",9.9942
"15 พ.ย. 2556",9.9593
"14 พ.ย. 2556",9.9029
"13 พ.ย. 2556",9.8163
"12 พ.ย. 2556",9.8043
"11 พ.ย. 2556",9.8509
"08 พ.ย. 2556",9.7727
"07 พ.ย. 2556",9.8224
"06 พ.ย. 2556",9.7754
"05 พ.ย. 2556",9.7328
"04 พ.ย. 2556",9.7397
"01 พ.ย. 2556",9.7228
"31 ต.ค. 2556",9.8299
"30 ต.ค. 2556",9.7544
"29 ต.ค. 2556",9.7562
"28 ต.ค. 2556",9.7561
"25 ต.ค. 2556",9.7531
"24 ต.ค. 2556",9.7471
"22 ต.ค. 2556",9.6877
"21 ต.ค. 2556",9.6652
"18 ต.ค. 2556",9.6573
"17 ต.ค. 2556",9.5382
"16 ต.ค. 2556",9.59
"15 ต.ค. 2556",9.5611
"14 ต.ค. 2556",9.4807
"11 ต.ค. 2556",9.4843
"10 ต.ค. 2556",9.4494
"09 ต.ค. 2556",9.2847
"08 ต.ค. 2556",9.323
"07 ต.ค. 2556",9.4261
"04 ต.ค. 2556",9.4282
"03 ต.ค. 2556",9.3702
"02 ต.ค. 2556",9.4086
"01 ต.ค. 2556",9.4516
"30 ก.ย. 2556",9.3789
"27 ก.ย. 2556",9.4324
"26 ก.ย. 2556",9.4704
"25 ก.ย. 2556",9.478
"24 ก.ย. 2556",9.5035
"23 ก.ย. 2556",9.4653
"20 ก.ย. 2556",9.4558
"19 ก.ย. 2556",9.4957
"18 ก.ย. 2556",9.566
"17 ก.ย. 2556",9.5791
"16 ก.ย. 2556",9.571
"13 ก.ย. 2556",9.5304
"12 ก.ย. 2556",9.4749
"11 ก.ย. 2556",9.5358
"10 ก.ย. 2556",9.5716
"09 ก.ย. 2556",9.4376
"06 ก.ย. 2556",9.4748
"05 ก.ย. 2556",9.4876
"04 ก.ย. 2556",9.3474
"03 ก.ย. 2556",9.3082
"02 ก.ย. 2556",9.3433
"30 ส.ค. 2556",9.2417
"29 ส.ค. 2556",9.3544
"28 ส.ค. 2556",9.3218
"27 ส.ค. 2556",9.296
"26 ส.ค. 2556",9.4012
"23 ส.ค. 2556",9.3404
"22 ส.ค. 2556",9.3461
"21 ส.ค. 2556",9.2407
"20 ส.ค. 2556",9.2003
"19 ส.ค. 2556",9.174
"16 ส.ค. 2556",9.2125
"15 ส.ค. 2556",9.1963
"14 ส.ค. 2556",9.3224
"13 ส.ค. 2556",9.3095
"09 ส.ค. 2556",9.2925
"08 ส.ค. 2556",9.2228
"07 ส.ค. 2556",9.2483
"06 ส.ค. 2556",9.271
"05 ส.ค. 2556",9.3431
"02 ส.ค. 2556",9.2913
"01 ส.ค. 2556",9.3155
"31 ก.ค. 2556",9.2341
"30 ก.ค. 2556",9.1991
"29 ก.ค. 2556",9.1677
"26 ก.ค. 2556",9.1265
"25 ก.ค. 2556",9.0949
"24 ก.ค. 2556",9.1598
"23 ก.ค. 2556",9.1238
"19 ก.ค. 2556",9.136
"18 ก.ค. 2556",9.1712
"17 ก.ค. 2556",9.1281
"16 ก.ค. 2556",9.0238
"15 ก.ค. 2556",9.1003
"12 ก.ค. 2556",9.0747
"11 ก.ค. 2556",9.0475
"10 ก.ค. 2556",8.9238
"09 ก.ค. 2556",9.0169
"08 ก.ค. 2556",8.9266
"05 ก.ค. 2556",8.7986
"04 ก.ค. 2556",8.8665
"03 ก.ค. 2556",8.7265
"02 ก.ค. 2556",8.7691
"28 มิ.ย. 2556",8.7677
"27 มิ.ย. 2556",8.7846
"26 มิ.ย. 2556",8.7104
"25 มิ.ย. 2556",8.5921
"24 มิ.ย. 2556",8.4916
"21 มิ.ย. 2556",8.6348
"20 มิ.ย. 2556",8.7084
"19 มิ.ย. 2556",8.9224
"18 มิ.ย. 2556",8.9161
"17 มิ.ย. 2556",8.8768
"14 มิ.ย. 2556",8.7251
"13 มิ.ย. 2556",8.7644
"12 มิ.ย. 2556",8.8112
"11 มิ.ย. 2556",8.8933
"10 มิ.ย. 2556",8.8634
"07 มิ.ย. 2556",8.8437
"06 มิ.ย. 2556",8.5998
"05 มิ.ย. 2556",8.6584
"04 มิ.ย. 2556",8.7852
"03 มิ.ย. 2556",8.6554
"31 พ.ค. 2556",8.7815
"30 พ.ค. 2556",8.7421
"29 พ.ค. 2556",8.6951
"28 พ.ค. 2556",8.8317
"27 พ.ค. 2556",8.6829
"23 พ.ค. 2556",8.7164
"22 พ.ค. 2556",8.9309
"21 พ.ค. 2556",8.8164
"20 พ.ค. 2556",8.8461
"17 พ.ค. 2556",8.8179
"16 พ.ค. 2556",8.7442
"15 พ.ค. 2556",8.7871
"14 พ.ค. 2556",8.7196
"13 พ.ค. 2556",8.6732
"10 พ.ค. 2556",8.704
"09 พ.ค. 2556",8.6545
"08 พ.ค. 2556",8.5763
"07 พ.ค. 2556",8.6043
"03 พ.ค. 2556",8.6146
"02 พ.ค. 2556",8.5059
"30 เม.ย. 2556",8.3855
"29 เม.ย. 2556",8.4065
"28 เม.ย. 2556",8.3638
"25 เม.ย. 2556",8.3497
"24 เม.ย. 2556",8.2013
"23 เม.ย. 2556",8.1493
"22 เม.ย. 2556",8.0114
"21 เม.ย. 2556",7.9787
"18 เม.ย. 2556",7.973
"17 เม.ย. 2556",8.0906
"16 เม.ย. 2556",8.2234
"11 เม.ย. 2556",8.2977
"10 เม.ย. 2556",8.2647
"09 เม.ย. 2556",8.0967
"08 เม.ย. 2556",8.0701
"04 เม.ย. 2556",8.155
"03 เม.ย. 2556",8.1999
"02 เม.ย. 2556",8.279
"01 เม.ย. 2556",8.2175
"31 มี.ค. 2556",8.2083
"28 มี.ค. 2556",8.1711
"27 มี.ค. 2556",8.2059
"26 มี.ค. 2556",8.2149
"25 มี.ค. 2556",8.2465
"24 มี.ค. 2556",8.169
"21 มี.ค. 2556",8.163
"20 มี.ค. 2556",8.1491
"19 มี.ค. 2556",8.2155
"18 มี.ค. 2556",8.2825
"17 มี.ค. 2556",8.3176
"14 มี.ค. 2556",8.3228
"13 มี.ค. 2556",8.3339
"12 มี.ค. 2556",8.2881
"11 มี.ค. 2556",8.3181
"10 มี.ค. 2556",8.3815
"07 มี.ค. 2556",8.2602
"06 มี.ค. 2556",8.3064
"05 มี.ค. 2556",8.3243
"04 มี.ค. 2556",8.1904
"03 มี.ค. 2556",8.2048
"28 ก.พ. 2556",8.2054
"27 ก.พ. 2556",8.1397
"26 ก.พ. 2556",8.0773
"25 ก.พ. 2556",8.2279
"21 ก.พ. 2556",8.1206
"20 ก.พ. 2556",8.298
"19 ก.พ. 2556",8.2681
"18 ก.พ. 2556",8.2371
"17 ก.พ. 2556",8.2112
"14 ก.พ. 2556",8.2601
"13 ก.พ. 2556",8.2674
"12 ก.พ. 2556",8.2241
"11 ก.พ. 2556",8.201
"10 ก.พ. 2556",8.227
"07 ก.พ. 2556",8.2196
"06 ก.พ. 2556",8.1904
"05 ก.พ. 2556",8.1478
"04 ก.พ. 2556",8.1717
"03 ก.พ. 2556",8.2264
"31 ม.ค. 2556",8.1677
"30 ม.ค. 2556",8.181
"29 ม.ค. 2556",8.2133
"28 ม.ค. 2556",8.2191
"27 ม.ค. 2556",8.1892
"24 ม.ค. 2556",8.1404
"23 ม.ค. 2556",8.1175
"22 ม.ค. 2556",8.0823
"21 ม.ค. 2556",8.0845
"20 ม.ค. 2556",8.1005
"17 ม.ค. 2556",8.0842
"16 ม.ค. 2556",8.0376
"15 ม.ค. 2556",8.1323
"14 ม.ค. 2556",8.161
"13 ม.ค. 2556",8.1216
"10 ม.ค. 2556",8.0827
"09 ม.ค. 2556",8.1572
"08 ม.ค. 2556",8.1184
"07 ม.ค. 2556",8.101
"06 ม.ค. 2556",8.1472
"03 ม.ค. 2556",8.1695
"02 ม.ค. 2556",8.1761
"01 ม.ค. 2556",7.9377
"27 ธ.ค. 2555",7.9971
"26 ธ.ค. 2555",8.0361
"25 ธ.ค. 2555",8.0208
"24 ธ.ค. 2555",8.0357
"23 ธ.ค. 2555",8.0366
"20 ธ.ค. 2555",8.0616
"19 ธ.ค. 2555",8.0864
"18 ธ.ค. 2555",8.0176
"17 ธ.ค. 2555",7.9607
"16 ธ.ค. 2555",7.9024
"13 ธ.ค. 2555",7.9515
"12 ธ.ค. 2555",7.9709
"11 ธ.ค. 2555",7.9474
"10 ธ.ค. 2555",7.88
"06 ธ.ค. 2555",7.9424
"05 ธ.ค. 2555",7.8612
"03 ธ.ค. 2555",7.8537
"02 ธ.ค. 2555",7.8667
"29 พ.ย. 2555",7.8763
"28 พ.ย. 2555",7.7757
"27 พ.ย. 2555",7.819
"26 พ.ย. 2555",7.7666
"25 พ.ย. 2555",7.7817
"22 พ.ย. 2555",7.7253
"21 พ.ย. 2555",7.6725
"20 พ.ย. 2555",7.6603
"19 พ.ย. 2555",7.6588
"18 พ.ย. 2555",7.4853
"15 พ.ย. 2555",7.4844
"14 พ.ย. 2555",7.5784
"13 พ.ย. 2555",7.6347
"12 พ.ย. 2555",7.6134
"11 พ.ย. 2555",7.6517
"08 พ.ย. 2555",7.6929
"07 พ.ย. 2555",7.7242
"06 พ.ย. 2555",7.8381
"05 พ.ย. 2555",7.8065
"04 พ.ย. 2555",7.8804
"01 พ.ย. 2555",7.8773
"31 ต.ค. 2555",7.7935
"30 ต.ค. 2555",7.8037
"29 ต.ค. 2555",7.756
"28 ต.ค. 2555",7.7925
"25 ต.ค. 2555",7.8131
"24 ต.ค. 2555",7.7978
"23 ต.ค. 2555",7.8841
"21 ต.ค. 2555",7.9445
"18 ต.ค. 2555",8.0261
"17 ต.ค. 2555",7.9941
"16 ต.ค. 2555",7.9451
"15 ต.ค. 2555",7.8508
"14 ต.ค. 2555",7.8196
"11 ต.ค. 2555",7.831
"10 ต.ค. 2555",7.7989
"09 ต.ค. 2555",7.871
"08 ต.ค. 2555",7.9069
"07 ต.ค. 2555",7.9656
"04 ต.ค. 2555",7.8781
"03 ต.ค. 2555",7.9253
"02 ต.ค. 2555",7.867
"01 ต.ค. 2555",7.9555
"30 ก.ย. 2555",7.9082
"27 ก.ย. 2555",7.9486
"26 ก.ย. 2555",7.9021
"25 ก.ย. 2555",8.0458
"24 ก.ย. 2555",8.0255
"23 ก.ย. 2555",8.0756
"20 ก.ย. 2555",8.0171
"19 ก.ย. 2555",8.0409
"18 ก.ย. 2555",8.0435
"17 ก.ย. 2555",8.0663
"16 ก.ย. 2555",8.0279
"13 ก.ย. 2555",7.9751
"12 ก.ย. 2555",7.9517
"11 ก.ย. 2555",7.9427
"10 ก.ย. 2555",7.9312
"09 ก.ย. 2555",7.9037
"06 ก.ย. 2555",7.9013
"05 ก.ย. 2555",7.7181
"04 ก.ย. 2555",7.7578
"03 ก.ย. 2555",7.7791
"02 ก.ย. 2555",7.8207
"30 ส.ค. 2555",7.8131
"29 ส.ค. 2555",7.8576
"28 ส.ค. 2555",7.8167
"27 ส.ค. 2555",7.8646
"26 ส.ค. 2555",7.8138
"23 ส.ค. 2555",7.7948
"22 ส.ค. 2555",7.865
"21 ส.ค. 2555",7.9172
"20 ส.ค. 2555",7.923
"19 ส.ค. 2555",7.9547
"16 ส.ค. 2555",7.8604
"15 ส.ค. 2555",7.8717
"14 ส.ค. 2555",7.8596
"13 ส.ค. 2555",7.8003
"09 ส.ค. 2555",7.8626
"08 ส.ค. 2555",7.856
"07 ส.ค. 2555",7.8253
"06 ส.ค. 2555",7.769
"05 ส.ค. 2555",7.6811
"02 ส.ค. 2555",7.687
"31 ก.ค. 2555",7.6524
"30 ก.ค. 2555",7.7229
"29 ก.ค. 2555",7.5904
"26 ก.ค. 2555",7.4641
"25 ก.ค. 2555",7.411
"24 ก.ค. 2555",7.4758
"23 ก.ค. 2555",7.4496
"22 ก.ค. 2555",7.6435
"19 ก.ค. 2555",7.6897
"18 ก.ค. 2555",7.6499
"17 ก.ค. 2555",7.568
"16 ก.ค. 2555",7.5177
"15 ก.ค. 2555",7.5329
"12 ก.ค. 2555",7.4847
"11 ก.ค. 2555",7.5611
"10 ก.ค. 2555",7.5961
"09 ก.ค. 2555",7.548
"08 ก.ค. 2555",7.6047
"05 ก.ค. 2555",7.7063
"04 ก.ค. 2555",7.6546
"03 ก.ค. 2555",7.6817
"02 ก.ค. 2555",7.6468
"01 ก.ค. 2555",7.5792
"28 มิ.ย. 2555",7.4238
"27 มิ.ย. 2555",7.498
"26 มิ.ย. 2555",7.3726
"25 มิ.ย. 2555",7.3713
"24 มิ.ย. 2555",7.4728
"21 มิ.ย. 2555",7.5709
"20 มิ.ย. 2555",7.5415
"19 มิ.ย. 2555",7.4564
"18 มิ.ย. 2555",7.4655
"17 มิ.ย. 2555",7.4026
"14 มิ.ย. 2555",7.3287
"13 มิ.ย. 2555",7.3254
"12 มิ.ย. 2555",7.3591
"11 มิ.ย. 2555",7.399
"10 มิ.ย. 2555",7.311
"07 มิ.ย. 2555",7.3451
"06 มิ.ย. 2555",7.2557
"05 มิ.ย. 2555",7.1332
"04 มิ.ย. 2555",7.1321
"31 พ.ค. 2555",7.3407
"30 พ.ค. 2555",7.3835
"29 พ.ค. 2555",7.4337
"28 พ.ค. 2555",7.3911
"27 พ.ค. 2555",7.3946
"24 พ.ค. 2555",7.3375
"23 พ.ค. 2555",7.2782
"22 พ.ค. 2555",7.3691
"21 พ.ค. 2555",7.2599
"20 พ.ค. 2555",7.2129
"17 พ.ค. 2555",7.3336
"16 พ.ค. 2555",7.4184
"15 พ.ค. 2555",7.4812
"14 พ.ค. 2555",7.4886
"13 พ.ค. 2555",7.5512
"10 พ.ค. 2555",7.514
"09 พ.ค. 2555",7.4841
"08 พ.ค. 2555",7.4524
"07 พ.ค. 2555",7.5811
"03 พ.ค. 2555",7.694
"02 พ.ค. 2555",7.697
"01 พ.ค. 2555",7.6926
"29 เม.ย. 2555",7.7055
"26 เม.ย. 2555",7.6974
"25 เม.ย. 2555",7.7003
"24 เม.ย. 2555",7.6103
"23 เม.ย. 2555",7.5677
"22 เม.ย. 2555",7.6555
"19 เม.ย. 2555",7.658
"18 เม.ย. 2555",7.6378
"17 เม.ย. 2555",7.6814
"16 เม.ย. 2555",7.6017
"11 เม.ย. 2555",7.5797
"10 เม.ย. 2555",7.5642
"09 เม.ย. 2555",7.7815
"04 เม.ย. 2555",7.7389
"03 เม.ย. 2555",7.8524
"02 เม.ย. 2555",7.906
"01 เม.ย. 2555",7.8385
"29 มี.ค. 2555",7.7581
"28 มี.ค. 2555",7.8243
"27 มี.ค. 2555",7.8845
"26 มี.ค. 2555",7.7935
"25 มี.ค. 2555",7.7723
"22 มี.ค. 2555",7.7211
"21 มี.ค. 2555",7.8367
"20 มี.ค. 2555",7.8055
"19 มี.ค. 2555",7.8087
"18 มี.ค. 2555",7.7653
"15 มี.ค. 2555",7.7951
"14 มี.ค. 2555",7.7882
"13 มี.ค. 2555",7.7187
"12 มี.ค. 2555",7.6138
"11 มี.ค. 2555",7.7125
"08 มี.ค. 2555",7.5764
"07 มี.ค. 2555",7.54
"05 มี.ค. 2555",7.5953
"04 มี.ค. 2555",7.7003
"01 มี.ค. 2555",7.6823
"29 ก.พ. 2555",7.65
"28 ก.พ. 2555",7.6424
"27 ก.พ. 2555",7.6554
"26 ก.พ. 2555",7.5926
"23 ก.พ. 2555",7.5785
"22 ก.พ. 2555",7.6026
"21 ก.พ. 2555",7.6818
"20 ก.พ. 2555",7.6668
"19 ก.พ. 2555",7.6505
"16 ก.พ. 2555",7.5617
"15 ก.พ. 2555",7.6519
"14 ก.พ. 2555",7.5897
"13 ก.พ. 2555",7.6249
"12 ก.พ. 2555",7.5949
"09 ก.พ. 2555",7.6002
"08 ก.พ. 2555",7.6022
"07 ก.พ. 2555",7.5558
"06 ก.พ. 2555",7.5553
"05 ก.พ. 2555",7.6093
"02 ก.พ. 2555",7.4925
"01 ก.พ. 2555",7.4839
"31 ม.ค. 2555",7.4516
"30 ม.ค. 2555",7.4565
"29 ม.ค. 2555",7.4793
"26 ม.ค. 2555",7.5647
"25 ม.ค. 2555",7.5512
"24 ม.ค. 2555",7.527
"23 ม.ค. 2555",7.4743
"22 ม.ค. 2555",7.5022
"19 ม.ค. 2555",7.5374
"18 ม.ค. 2555",7.4439
"17 ม.ค. 2555",7.4639
"16 ม.ค. 2555",7.4308
"15 ม.ค. 2555",7.4585
"12 ม.ค. 2555",7.3414
"11 ม.ค. 2555",7.3925
"10 ม.ค. 2555",7.3889
"09 ม.ค. 2555",7.299
"08 ม.ค. 2555",7.3344
"05 ม.ค. 2555",7.3272
"04 ม.ค. 2555",7.3491
"03 ม.ค. 2555",7.1838
"29 ธ.ค. 2554",7.1974
"28 ธ.ค. 2554",7.1831
"27 ธ.ค. 2554",7.2137
"26 ธ.ค. 2554",7.1644
"25 ธ.ค. 2554",7.1561
"22 ธ.ค. 2554",7.1218
"21 ธ.ค. 2554",7.0402
"20 ธ.ค. 2554",7.0095
"19 ธ.ค. 2554",6.9034
"18 ธ.ค. 2554",6.9493
"15 ธ.ค. 2554",6.9616
"14 ธ.ค. 2554",6.9076
"13 ธ.ค. 2554",7.0906
"12 ธ.ค. 2554",7.0792
"08 ธ.ค. 2554",7.0464
"07 ธ.ค. 2554",7.1055
"06 ธ.ค. 2554",7.1091
"05 ธ.ค. 2554",7.1502
"01 ธ.ค. 2554",7.0622
"30 พ.ย. 2554",7.055
"29 พ.ย. 2554",6.9224
"28 พ.ย. 2554",6.89
"27 พ.ย. 2554",6.7046
"24 พ.ย. 2554",6.6707
"23 พ.ย. 2554",6.7085
"22 พ.ย. 2554",6.782
"21 พ.ย. 2554",6.736
"20 พ.ย. 2554",6.9272
"17 พ.ย. 2554",6.9504
"16 พ.ย. 2554",7.0813
"15 พ.ย. 2554",7.0479
"14 พ.ย. 2554",7.145
"13 พ.ย. 2554",7.1135
"10 พ.ย. 2554",6.9882
"09 พ.ย. 2554",7.1036
"08 พ.ย. 2554",7.1428
"07 พ.ย. 2554",7.055
"06 พ.ย. 2554",7.0974
"03 พ.ย. 2554",7.1483
"02 พ.ย. 2554",7.0637
"01 พ.ย. 2554",6.9908
"31 ต.ค. 2554",7.2465
"30 ต.ค. 2554",7.345
"27 ต.ค. 2554",7.2563
"26 ต.ค. 2554",7.1146
"25 ต.ค. 2554",7.1271
"24 ต.ค. 2554",7.0617
"20 ต.ค. 2554",6.9599
"19 ต.ค. 2554",7.0352
"18 ต.ค. 2554",6.8975
"17 ต.ค. 2554",7.012
"16 ต.ค. 2554",6.9811
"13 ต.ค. 2554",6.9329
"12 ต.ค. 2554",7.0145
"11 ต.ค. 2554",6.9011
"10 ต.ค. 2554",6.8404
"09 ต.ค. 2554",6.7229
"06 ต.ค. 2554",6.6907
"05 ต.ค. 2554",6.5674
"04 ต.ค. 2554",6.3222
"03 ต.ค. 2554",6.6075
"02 ต.ค. 2554",6.7184
"29 ก.ย. 2554",6.8036
"28 ก.ย. 2554",6.7845
"27 ก.ย. 2554",6.804
"26 ก.ย. 2554",6.6046
"25 ก.ย. 2554",6.5072
"22 ก.ย. 2554",6.4528
"21 ก.ย. 2554",6.7466
"20 ก.ย. 2554",6.8709
"19 ก.ย. 2554",6.7419
"18 ก.ย. 2554",6.8541
"15 ก.ย. 2554",6.7822
"14 ก.ย. 2554",6.6351
"13 ก.ย. 2554",6.5447
"12 ก.ย. 2554",6.4678
"11 ก.ย. 2554",6.6623
"08 ก.ย. 2554",6.8625
"07 ก.ย. 2554",6.7771
"06 ก.ย. 2554",6.6438
"05 ก.ย. 2554",6.5736
"04 ก.ย. 2554",6.8085
"01 ก.ย. 2554",6.9912
"31 ส.ค. 2554",7.0107
"30 ส.ค. 2554",6.9134
"29 ส.ค. 2554",6.8873
"28 ส.ค. 2554",6.7175
"25 ส.ค. 2554",6.7347
"24 ส.ค. 2554",6.7378
"23 ส.ค. 2554",6.6392
"22 ส.ค. 2554",6.5672
"21 ส.ค. 2554",6.5286
"18 ส.ค. 2554",6.6525
"17 ส.ค. 2554",6.9219
"16 ส.ค. 2554",6.885
"15 ส.ค. 2554",6.8313
"14 ส.ค. 2554",6.6666
"10 ส.ค. 2554",6.6389
"09 ส.ค. 2554",6.6509
"08 ส.ค. 2554",6.6634
"07 ส.ค. 2554",6.826
"04 ส.ค. 2554",7.0487
"03 ส.ค. 2554",7.1825
"02 ส.ค. 2554",7.3029
"01 ส.ค. 2554",7.4491
"31 ก.ค. 2554",7.4566
"28 ก.ค. 2554",7.5665
"27 ก.ค. 2554",7.6187
"26 ก.ค. 2554",7.6484
"25 ก.ค. 2554",7.6722
"24 ก.ค. 2554",7.7309
"21 ก.ค. 2554",7.6278
"20 ก.ค. 2554",7.588
"19 ก.ค. 2554",7.5496
"18 ก.ค. 2554",7.4458
"17 ก.ค. 2554",7.6406
"13 ก.ค. 2554",7.6672
"12 ก.ค. 2554",7.5928
"11 ก.ค. 2554",7.6902
"10 ก.ค. 2554",7.7866
"07 ก.ค. 2554",7.8592
"06 ก.ค. 2554",7.8428
"05 ก.ค. 2554",7.8742
"04 ก.ค. 2554",7.8965
"03 ก.ค. 2554",7.8515
"29 มิ.ย. 2554",7.7676
"28 มิ.ย. 2554",7.6513
"27 มิ.ย. 2554",7.5292
"26 มิ.ย. 2554",7.5788
"23 มิ.ย. 2554",7.5006
"22 มิ.ย. 2554",7.6102
"21 มิ.ย. 2554",7.6072
"20 มิ.ย. 2554",7.4692
"19 มิ.ย. 2554",7.4971
"16 มิ.ย. 2554",7.4795
"15 มิ.ย. 2554",7.5805
"14 มิ.ย. 2554",7.6227
"13 มิ.ย. 2554",7.514
"12 มิ.ย. 2554",7.576
"09 มิ.ย. 2554",7.6921
"08 มิ.ย. 2554",7.631
"07 มิ.ย. 2554",7.6443
"06 มิ.ย. 2554",7.6551
"05 มิ.ย. 2554",7.653
"02 มิ.ย. 2554",7.6621
"01 มิ.ย. 2554",7.7734
"31 พ.ค. 2554",7.881
"30 พ.ค. 2554",7.791
"29 พ.ค. 2554",7.7678
"26 พ.ค. 2554",7.7341
"25 พ.ค. 2554",7.7043
"24 พ.ค. 2554",7.6666
"23 พ.ค. 2554",7.6143
"22 พ.ค. 2554",7.8276
"19 พ.ค. 2554",7.7626
"18 พ.ค. 2554",7.7523
"17 พ.ค. 2554",7.8504
"12 พ.ค. 2554",7.7894
"11 พ.ค. 2554",7.8812
"10 พ.ค. 2554",7.8682
"09 พ.ค. 2554",7.8804
"08 พ.ค. 2554",7.8998
"05 พ.ค. 2554",7.8399
"03 พ.ค. 2554",7.8752
"02 พ.ค. 2554",7.9505
"28 เม.ย. 2554",7.9153
"27 เม.ย. 2554",7.8439
"26 เม.ย. 2554",7.8287
"25 เม.ย. 2554",7.7768
"24 เม.ย. 2554",7.7694
"21 เม.ย. 2554",7.7876
"20 เม.ย. 2554",7.7253
"19 เม.ย. 2554",7.5555
"18 เม.ย. 2554",7.5892
"17 เม.ย. 2554",7.6439
"11 เม.ย. 2554",7.7774
"10 เม.ย. 2554",7.727
"07 เม.ย. 2554",7.7122
"06 เม.ย. 2554",7.7244
"04 เม.ย. 2554",7.7445
"03 เม.ย. 2554",7.778
"31 มี.ค. 2554",7.7342
"30 มี.ค. 2554",7.7376
"29 มี.ค. 2554",7.6684
"28 มี.ค. 2554",7.6256
"27 มี.ค. 2554",7.7015
"24 มี.ค. 2554",7.612
"23 มี.ค. 2554",7.5867
"22 มี.ค. 2554",7.5667
"21 มี.ค. 2554",7.5608
"20 มี.ค. 2554",7.419
"17 มี.ค. 2554",7.3837
"16 มี.ค. 2554",7.3625
"15 มี.ค. 2554",7.3722
"14 มี.ค. 2554",7.4385
"13 มี.ค. 2554",7.5978
"10 มี.ค. 2554",7.6235
"09 มี.ค. 2554",7.7127
"08 มี.ค. 2554",7.7862
"07 มี.ค. 2554",7.7733
"06 มี.ค. 2554",7.8249
"03 มี.ค. 2554",7.8005
"02 มี.ค. 2554",7.7315
"01 มี.ค. 2554",7.8393
"28 ก.พ. 2554",7.8586
"27 ก.พ. 2554",7.8399
"24 ก.พ. 2554",7.7374
"23 ก.พ. 2554",7.7383
"22 ก.พ. 2554",7.7603
"21 ก.พ. 2554",7.8661
"20 ก.พ. 2554",7.8722
"16 ก.พ. 2554",7.8925
"15 ก.พ. 2554",7.8687
"14 ก.พ. 2554",7.8542
"13 ก.พ. 2554",7.8703
"10 ก.พ. 2554",7.8362
"09 ก.พ. 2554",7.8012
"08 ก.พ. 2554",7.8211
"07 ก.พ. 2554",7.88
"06 ก.พ. 2554",7.8187
"03 ก.พ. 2554",7.8824
"02 ก.พ. 2554",7.8395
"01 ก.พ. 2554",7.778
"31 ม.ค. 2554",7.6581
"30 ม.ค. 2554",7.7576
"27 ม.ค. 2554",7.7207
"26 ม.ค. 2554",7.7448
"25 ม.ค. 2554",7.6835
"24 ม.ค. 2554",7.6336
"23 ม.ค. 2554",7.6092
"20 ม.ค. 2554",7.5338
"19 ม.ค. 2554",7.5957
"18 ม.ค. 2554",7.632
"17 ม.ค. 2554",7.5929
"16 ม.ค. 2554",7.607
"13 ม.ค. 2554",7.4605
"12 ม.ค. 2554",7.5122
"11 ม.ค. 2554",7.4618
"10 ม.ค. 2554",7.4158
"09 ม.ค. 2554",7.4065
"06 ม.ค. 2554",7.451
"05 ม.ค. 2554",7.4545
"04 ม.ค. 2554",7.4067
"03 ม.ค. 2554",7.3174
"29 ธ.ค. 2553",7.3532
"28 ธ.ค. 2553",7.374
"27 ธ.ค. 2553",7.2993
"26 ธ.ค. 2553",7.3329
"23 ธ.ค. 2553",7.3102
"22 ธ.ค. 2553",7.3478
"21 ธ.ค. 2553",7.3204
"20 ธ.ค. 2553",7.264
"19 ธ.ค. 2553",7.2883
"16 ธ.ค. 2553",7.2522
"15 ธ.ค. 2553",7.2468
"14 ธ.ค. 2553",7.2913
"13 ธ.ค. 2553",7.1855
"12 ธ.ค. 2553",7.2065
"08 ธ.ค. 2553",7.157
"07 ธ.ค. 2553",7.1821
"06 ธ.ค. 2553",7.0568
"02 ธ.ค. 2553",7.0658
"01 ธ.ค. 2553",6.9705
"30 พ.ย. 2553",6.8815
"29 พ.ย. 2553",6.9587
"28 พ.ย. 2553",6.9868
"25 พ.ย. 2553",7.0093
"24 พ.ย. 2553",6.9538
"23 พ.ย. 2553",7.0069
"22 พ.ย. 2553",7.0769
"21 พ.ย. 2553",7.0845
"18 พ.ย. 2553",7.0777
"17 พ.ย. 2553",6.9513
"16 พ.ย. 2553",6.9421
"15 พ.ย. 2553",7.091
"14 พ.ย. 2553",7.0168
"11 พ.ย. 2553",7.0657
"10 พ.ย. 2553",7.0647
"09 พ.ย. 2553",7.1071
"08 พ.ย. 2553",7.149
"07 พ.ย. 2553",7.2192
"04 พ.ย. 2553",7.1513
"03 พ.ย. 2553",6.9856
"02 พ.ย. 2553",6.9985
"01 พ.ย. 2553",7.0221
"31 ต.ค. 2553",6.943
"28 ต.ค. 2553",6.9286
"27 ต.ค. 2553",6.9275
"26 ต.ค. 2553",7.0059
"25 ต.ค. 2553",6.9646
"21 ต.ค. 2553",7.0134
"20 ต.ค. 2553",6.9031
"19 ต.ค. 2553",6.9957
"18 ต.ค. 2553",6.9424
"17 ต.ค. 2553",6.9918
"14 ต.ค. 2553",6.9723
"13 ต.ค. 2553",6.9977
"12 ต.ค. 2553",6.865
"11 ต.ค. 2553",6.9592
"10 ต.ค. 2553",6.9302
"07 ต.ค. 2553",6.8837
"06 ต.ค. 2553",6.8727
"05 ต.ค. 2553",6.8747
"04 ต.ค. 2553",6.7511
"03 ต.ค. 2553",6.802
"30 ก.ย. 2553",6.8446
"29 ก.ย. 2553",6.8755
"28 ก.ย. 2553",6.8143
"27 ก.ย. 2553",6.8718
"26 ก.ย. 2553",6.8728
"23 ก.ย. 2553",6.8294
"22 ก.ย. 2553",6.7863
"21 ก.ย. 2553",6.8556
"20 ก.ย. 2553",6.8601
"19 ก.ย. 2553",6.8266
"16 ก.ย. 2553",6.7859
"15 ก.ย. 2553",6.7806
"14 ก.ย. 2553",6.7551
"13 ก.ย. 2553",6.7483
"12 ก.ย. 2553",6.7015
"09 ก.ย. 2553",6.7123
"08 ก.ย. 2553",6.6573
"07 ก.ย. 2553",6.7099
"06 ก.ย. 2553",6.7386
"05 ก.ย. 2553",6.6844
"02 ก.ย. 2553",6.6301
"01 ก.ย. 2553",6.6054
"31 ส.ค. 2553",6.4483
"30 ส.ค. 2553",6.5088
"29 ส.ค. 2553",6.4916
"26 ส.ค. 2553",6.471
"25 ส.ค. 2553",6.4447
"24 ส.ค. 2553",6.4733
"23 ส.ค. 2553",6.6015
"22 ส.ค. 2553",6.5903
"19 ส.ค. 2553",6.6199
"18 ส.ค. 2553",6.7616
"17 ส.ค. 2553",6.7967
"16 ส.ค. 2553",6.6816
"15 ส.ค. 2553",6.8567
"10 ส.ค. 2553",6.9868
"09 ส.ค. 2553",7.0627
"08 ส.ค. 2553",6.9162
"05 ส.ค. 2553",7.0523
"04 ส.ค. 2553",7.0761
"03 ส.ค. 2553",7.0693
"02 ส.ค. 2553",7.0087
"01 ส.ค. 2553",6.9064
"29 ก.ค. 2553",6.904
"28 ก.ค. 2553",6.9323
"27 ก.ค. 2553",6.927
"26 ก.ค. 2553",6.8854
"22 ก.ค. 2553",6.8165
"21 ก.ค. 2553",6.7456
"20 ก.ค. 2553",6.7079
"19 ก.ค. 2553",6.6629
"18 ก.ค. 2553",6.7201
"15 ก.ค. 2553",6.7326
"14 ก.ค. 2553",6.8402
"13 ก.ค. 2553",6.7566
"12 ก.ค. 2553",6.6947
"11 ก.ค. 2553",6.7183
"08 ก.ค. 2553",6.6782
"07 ก.ค. 2553",6.5618
"06 ก.ค. 2553",6.5114
"05 ก.ค. 2553",6.369
"04 ก.ค. 2553",6.3738
"01 ก.ค. 2553",6.4375
"29 มิ.ย. 2553",6.4797
"28 มิ.ย. 2553",6.7233
"27 มิ.ย. 2553",6.6204
"24 มิ.ย. 2553",6.6575
"23 มิ.ย. 2553",6.7614
"22 มิ.ย. 2553",6.8755
"21 มิ.ย. 2553",6.934
"20 มิ.ย. 2553",6.8862
"17 มิ.ย. 2553",6.8264
"16 มิ.ย. 2553",6.8323
"15 มิ.ย. 2553",6.7411
"14 มิ.ย. 2553",6.7394
"13 มิ.ย. 2553",6.675
"10 มิ.ย. 2553",6.6286
"09 มิ.ย. 2553",6.5427
"08 มิ.ย. 2553",6.4487
"07 มิ.ย. 2553",6.5237
"06 มิ.ย. 2553",6.7305
"03 มิ.ย. 2553",6.813
"02 มิ.ย. 2553",6.6735
"01 มิ.ย. 2553",6.6208
"31 พ.ค. 2553",6.7437
"30 พ.ค. 2553",6.6754
"26 พ.ค. 2553",6.6271
"25 พ.ค. 2553",6.3981
"24 พ.ค. 2553",6.6305
"23 พ.ค. 2553",6.6153
"18 พ.ค. 2553",6.9055
"17 พ.ค. 2553",6.8321
"16 พ.ค. 2553",6.9128
"13 พ.ค. 2553",7.1157
"12 พ.ค. 2553",7.1323
"11 พ.ค. 2553",7.0582
"10 พ.ค. 2553",7.1814
"09 พ.ค. 2553",6.7188
"06 พ.ค. 2553",7.0263
"05 พ.ค. 2553",7.1881
"03 พ.ค. 2553",7.3852
"29 เม.ย. 2553",7.3973
"28 เม.ย. 2553",7.2644
"27 เม.ย. 2553",7.3677
"26 เม.ย. 2553",7.5161
"25 เม.ย. 2553",7.416
"22 เม.ย. 2553",7.4332
"21 เม.ย. 2553",7.459
"20 เม.ย. 2553",7.5065
"19 เม.ย. 2553",7.3869
"18 เม.ย. 2553",7.4795
"15 เม.ย. 2553",7.5502
"11 เม.ย. 2553",7.4337
"08 เม.ย. 2553",7.3634
"07 เม.ย. 2553",7.4608
"06 เม.ย. 2553",7.4162
"04 เม.ย. 2553",7.4376
"01 เม.ย. 2553",7.407
"31 มี.ค. 2553",7.3181
"30 มี.ค. 2553",7.3778
"29 มี.ค. 2553",7.3587
"28 มี.ค. 2553",7.3064
"25 มี.ค. 2553",7.3591
"24 มี.ค. 2553",7.3173
"23 มี.ค. 2553",7.3218
"22 มี.ค. 2553",7.2782
"21 มี.ค. 2553",7.2988
"18 มี.ค. 2553",7.3257
"17 มี.ค. 2553",7.3673
"16 มี.ค. 2553",7.2727
"15 มี.ค. 2553",7.2817
"14 มี.ค. 2553",7.2946
"11 มี.ค. 2553",7.2859
"10 มี.ค. 2553",7.2544
"09 มี.ค. 2553",7.2971
"08 มี.ค. 2553",7.2907
"07 มี.ค. 2553",7.2207
"04 มี.ค. 2553",7.1879
"03 มี.ค. 2553",7.1469
"02 มี.ค. 2553",7.1091
"01 มี.ค. 2553",7.053
"25 ก.พ. 2553",6.9557
"24 ก.พ. 2553",7.0565
"23 ก.พ. 2553",7.1383
"22 ก.พ. 2553",7.1421
"21 ก.พ. 2553",7.1393
"18 ก.พ. 2553",7.111
"17 ก.พ. 2553",7.1774
"16 ก.พ. 2553",7.0243
"15 ก.พ. 2553",6.9531
"14 ก.พ. 2553",6.9255
"11 ก.พ. 2553",7.0063
"10 ก.พ. 2553",6.937
"09 ก.พ. 2553",6.9236
"08 ก.พ. 2553",6.9187
"07 ก.พ. 2553",6.8605
"04 ก.พ. 2553",6.9876
"03 ก.พ. 2553",7.1571
"02 ก.พ. 2553",7.1509
"01 ก.พ. 2553",7.1011
"31 ม.ค. 2553",7.1106
"28 ม.ค. 2553",7.0727
"27 ม.ค. 2553",7.0967
"26 ม.ค. 2553",7.1743
"25 ม.ค. 2553",7.1671
"24 ม.ค. 2553",7.2333
"21 ม.ค. 2553",7.2807
"20 ม.ค. 2553",7.4015
"19 ม.ค. 2553",7.5264
"18 ม.ค. 2553",7.4476
"17 ม.ค. 2553",7.4366
"14 ม.ค. 2553",7.5235
"13 ม.ค. 2553",7.4753
"12 ม.ค. 2553",7.4524
"11 ม.ค. 2553",7.5135
"10 ม.ค. 2553",7.4813
"07 ม.ค. 2553",7.4957
"06 ม.ค. 2553",7.4646
"05 ม.ค. 2553",7.476
"04 ม.ค. 2553",7.4441
"03 ม.ค. 2553",7.4108
"29 ธ.ค. 2552",7.4575
"28 ธ.ค. 2552",7.4284
"27 ธ.ค. 2552",7.3766
"24 ธ.ค. 2552",7.3629
"23 ธ.ค. 2552",7.311
"22 ธ.ค. 2552",7.3151
"21 ธ.ค. 2552",7.2771
"20 ธ.ค. 2552",7.1982
"17 ธ.ค. 2552",7.2258
"16 ธ.ค. 2552",7.3372
"15 ธ.ค. 2552",7.2828
"14 ธ.ค. 2552",7.2999
"13 ธ.ค. 2552",7.3067
"10 ธ.ค. 2552",7.1944
"08 ธ.ค. 2552",7.2519
"07 ธ.ค. 2552",7.4352
"03 ธ.ค. 2552",7.3843
"02 ธ.ค. 2552",7.3666
"01 ธ.ค. 2552",7.3376
"30 พ.ย. 2552",7.2106
"29 พ.ย. 2552",7.18
"26 พ.ย. 2552",7.2033
"25 พ.ย. 2552",7.322
"24 พ.ย. 2552",7.2705
"23 พ.ย. 2552",7.3553
"22 พ.ย. 2552",7.1943
"19 พ.ย. 2552",7.2116
"18 พ.ย. 2552",7.3041
"17 พ.ย. 2552",7.3472
"16 พ.ย. 2552",7.3854
"15 พ.ย. 2552",7.3135
"12 พ.ย. 2552",7.323
"11 พ.ย. 2552",7.367
"10 พ.ย. 2552",7.2942
"09 พ.ย. 2552",7.2595
"08 พ.ย. 2552",7.1525
"05 พ.ย. 2552",7.1018
"04 พ.ย. 2552",7.0801
"03 พ.ย. 2552",7.0135
"02 พ.ย. 2552",7.0231
"01 พ.ย. 2552",7.0492
"29 ต.ค. 2552",7.1209
"28 ต.ค. 2552",7.0633
"27 ต.ค. 2552",7.2123
"26 ต.ค. 2552",7.2606
"25 ต.ค. 2552",7.3246
"21 ต.ค. 2552",7.3819
"20 ต.ค. 2552",7.3811
"19 ต.ค. 2552",7.4031
"18 ต.ค. 2552",7.3067
"15 ต.ค. 2552",7.3812
"14 ต.ค. 2552",7.3557
"13 ต.ค. 2552",7.1717
"12 ต.ค. 2552",7.2314
"11 ต.ค. 2552",7.1711
"08 ต.ค. 2552",7.1901
"07 ต.ค. 2552",7.1143
"06 ต.ค. 2552",7.1198
"05 ต.ค. 2552",6.9428
"04 ต.ค. 2552",6.8764
"01 ต.ค. 2552",7.033
"30 ก.ย. 2552",7.1058
"29 ก.ย. 2552",7.1798
"28 ก.ย. 2552",7.1911
"27 ก.ย. 2552",7.1016
"24 ก.ย. 2552",7.146
"23 ก.ย. 2552",7.2748
"22 ก.ย. 2552",7.2664
"21 ก.ย. 2552",7.2269
"20 ก.ย. 2552",7.237
"17 ก.ย. 2552",7.3023
"16 ก.ย. 2552",7.2532
"15 ก.ย. 2552",7.185
"14 ก.ย. 2552",7.1404
"13 ก.ย. 2552",7.1847
"10 ก.ย. 2552",7.1451
"09 ก.ย. 2552",7.1062
"08 ก.ย. 2552",7.0193
"07 ก.ย. 2552",7.0137
"06 ก.ย. 2552",6.9247
"03 ก.ย. 2552",6.8596
"02 ก.ย. 2552",6.8244
"01 ก.ย. 2552",6.9074
"31 ส.ค. 2552",6.9286
"30 ส.ค. 2552",7.0431
"27 ส.ค. 2552",6.9492
"26 ส.ค. 2552",7.0304
"25 ส.ค. 2552",7.0372
"24 ส.ค. 2552",7.0414
"23 ส.ค. 2552",6.9876
"20 ส.ค. 2552",6.8356
"19 ส.ค. 2552",6.6859
"18 ส.ค. 2552",6.7523
"17 ส.ค. 2552",6.6805
"16 ส.ค. 2552",6.828
"13 ส.ค. 2552",6.8881
"12 ส.ค. 2552",6.7595
"10 ส.ค. 2552",6.8657
"09 ส.ค. 2552",6.9566
"06 ส.ค. 2552",6.8473
"05 ส.ค. 2552",6.8194
"04 ส.ค. 2552",6.8799
"03 ส.ค. 2552",6.7947
"02 ส.ค. 2552",6.6766
"30 ก.ค. 2552",6.753
"29 ก.ค. 2552",6.6225
"28 ก.ค. 2552",6.6118
"27 ก.ค. 2552",6.6371
"26 ก.ค. 2552",6.6131
"23 ก.ค. 2552",6.609
"22 ก.ค. 2552",6.4734
"21 ก.ค. 2552",6.4645
"20 ก.ค. 2552",6.4323
"19 ก.ค. 2552",6.33
"16 ก.ค. 2552",6.3108
"15 ก.ค. 2552",6.2809
"14 ก.ค. 2552",6.1661
"13 ก.ค. 2552",6.0627
"12 ก.ค. 2552",5.9472
"09 ก.ค. 2552",6.0098
"08 ก.ค. 2552",5.9646
"07 ก.ค. 2552",6.1487
"02 ก.ค. 2552",6.1973
"01 ก.ค. 2552",6.2532
"29 มิ.ย. 2552",6.2571
"28 มิ.ย. 2552",6.2071
"25 มิ.ย. 2552",6.212
"24 มิ.ย. 2552",6.2219
"23 มิ.ย. 2552",6.0357
"22 มิ.ย. 2552",6.0733
"21 มิ.ย. 2552",6.2491
"18 มิ.ย. 2552",6.1929
"17 มิ.ย. 2552",6.1806
"16 มิ.ย. 2552",6.2572
"15 มิ.ย. 2552",6.2917
"14 มิ.ย. 2552",6.4424
"11 มิ.ย. 2552",6.4424
"10 มิ.ย. 2552",6.4309
"09 มิ.ย. 2552",6.3286
"08 มิ.ย. 2552",6.3261
"07 มิ.ย. 2552",6.4844
"04 มิ.ย. 2552",6.3674
"03 มิ.ย. 2552",6.3671
"02 มิ.ย. 2552",6.3856
"01 มิ.ย. 2552",6.412
"31 พ.ค. 2552",6.2204
"28 พ.ค. 2552",6.1116
"27 พ.ค. 2552",6.291
"26 พ.ค. 2552",6.2255
"25 พ.ค. 2552",6.1584
"24 พ.ค. 2552",6.1317
"21 พ.ค. 2552",6.1049
"20 พ.ค. 2552",6.2291
"19 พ.ค. 2552",6.1993
"18 พ.ค. 2552",6.1075
"17 พ.ค. 2552",6.063
"14 พ.ค. 2552",6.036
"13 พ.ค. 2552",6.0579
"12 พ.ค. 2552",6.1506
"11 พ.ค. 2552",6.1604
"10 พ.ค. 2552",6.1337
"06 พ.ค. 2552",6.2064
"05 พ.ค. 2552",6.1081
"03 พ.ค. 2552",6.0419
"29 เม.ย. 2552",5.9128
"28 เม.ย. 2552",5.8041
"27 เม.ย. 2552",5.9313
"26 เม.ย. 2552",5.9034
"23 เม.ย. 2552",5.7782
"22 เม.ย. 2552",5.8117
"21 เม.ย. 2552",5.7328
"20 เม.ย. 2552",5.7536
"19 เม.ย. 2552",5.9176
"16 เม.ย. 2552",5.8369
"15 เม.ย. 2552",5.7463
"09 เม.ย. 2552",5.8122
"08 เม.ย. 2552",5.589
"07 เม.ย. 2552",5.6402
"06 เม.ย. 2552",5.6944
"02 เม.ย. 2552",5.6882
"01 เม.ย. 2552",5.482
"31 มี.ค. 2552",5.4207
"30 มี.ค. 2552",5.3364
"29 มี.ค. 2552",5.6599
"26 มี.ค. 2552",5.6361
"25 มี.ค. 2552",5.5613
"24 มี.ค. 2552",5.593
"23 มี.ค. 2552",5.5235
"22 มี.ค. 2552",5.4203
"19 มี.ค. 2552",5.3487
"18 มี.ค. 2552",5.3
"17 มี.ค. 2552",5.2621
"16 มี.ค. 2552",5.3074
"15 มี.ค. 2552",5.1713
"12 มี.ค. 2552",5.0667
"11 มี.ค. 2552",4.9906
"10 มี.ค. 2552",4.9502
"09 มี.ค. 2552",4.7704
"08 มี.ค. 2552",4.7836
"05 มี.ค. 2552",4.9344
"04 มี.ค. 2552",4.9468
"03 มี.ค. 2552",4.8561
"02 มี.ค. 2552",4.9548
"01 มี.ค. 2552",5.1694
"26 ก.พ. 2552",5.2714
"25 ก.พ. 2552",5.2271
"24 ก.พ. 2552",5.1357
"23 ก.พ. 2552",5.2585
"22 ก.พ. 2552",5.1802
"19 ก.พ. 2552",5.3381
"18 ก.พ. 2552",5.3314
"17 ก.พ. 2552",5.3664
"16 ก.พ. 2552",5.4937
"15 ก.พ. 2552",5.5961
"12 ก.พ. 2552",5.5489
"11 ก.พ. 2552",5.6399
"10 ก.พ. 2552",5.6304
"09 ก.พ. 2552",5.7441
"05 ก.พ. 2552",5.5669
"04 ก.พ. 2552",5.6966
"03 ก.พ. 2552",5.4906
"02 ก.พ. 2552",5.436
"01 ก.พ. 2552",5.6161
"29 ม.ค. 2552",5.7396
"28 ม.ค. 2552",5.7833
"27 ม.ค. 2552",5.6942
"26 ม.ค. 2552",5.5251
"25 ม.ค. 2552",5.4613
"22 ม.ค. 2552",5.493
"21 ม.ค. 2552",5.4517
"20 ม.ค. 2552",5.5368
"19 ม.ค. 2552",5.7506
"18 ม.ค. 2552",5.6566
"15 ม.ค. 2552",5.5637
"14 ม.ค. 2552",5.6252
"13 ม.ค. 2552",5.9142
"12 ม.ค. 2552",5.9644
"11 ม.ค. 2552",6.1498
"08 ม.ค. 2552",6.108
"07 ม.ค. 2552",6.1938
"06 ม.ค. 2552",6.3153
"05 ม.ค. 2552",6.269
"04 ม.ค. 2552",6.025
"29 ธ.ค. 2551",5.9726
"28 ธ.ค. 2551",6.2349
"25 ธ.ค. 2551",6.1687
"24 ธ.ค. 2551",6.1314
"23 ธ.ค. 2551",5.9455
"22 ธ.ค. 2551",5.9386
"21 ธ.ค. 2551",6.0143
"18 ธ.ค. 2551",6.0696
"17 ธ.ค. 2551",5.8757
"16 ธ.ค. 2551",5.9107
"15 ธ.ค. 2551",5.7823
"14 ธ.ค. 2551",5.7906
"11 ธ.ค. 2551",5.9247
"10 ธ.ค. 2551",5.9961
"08 ธ.ค. 2551",6.0203
"07 ธ.ค. 2551",5.7018
"03 ธ.ค. 2551",5.7277
"02 ธ.ค. 2551",5.6153
"01 ธ.ค. 2551",5.7154
"30 พ.ย. 2551",6.0545
"27 พ.ย. 2551",5.9633
"26 พ.ย. 2551",5.8401
"25 พ.ย. 2551",5.6836
"24 พ.ย. 2551",5.6074
"23 พ.ย. 2551",5.1427
"20 พ.ย. 2551",5.307
"19 พ.ย. 2551",5.5519
"18 พ.ย. 2551",5.6894
"17 พ.ย. 2551",5.7037
"16 พ.ย. 2551",5.8614
"13 พ.ย. 2551",5.6569
"12 พ.ย. 2551",5.8124
"11 พ.ย. 2551",6.0802
"10 พ.ย. 2551",6.2851
"09 พ.ย. 2551",6.1848
"06 พ.ย. 2551",6.3336
"05 พ.ย. 2551",6.5157
"04 พ.ย. 2551",6.4886
"03 พ.ย. 2551",6.4073
"02 พ.ย. 2551",6.2705
"30 ต.ค. 2551",6.2999
"29 ต.ค. 2551",5.9777
"28 ต.ค. 2551",5.6102
"27 ต.ค. 2551",5.5335
"26 ต.ค. 2551",5.715
"23 ต.ค. 2551",6.0053
"21 ต.ค. 2551",6.4105
"20 ต.ค. 2551",6.3514
"19 ต.ค. 2551",6.0749
"16 ต.ค. 2551",5.8353
"15 ต.ค. 2551",6.5172
"14 ต.ค. 2551",6.5611
"13 ต.ค. 2551",6.3475
"12 ต.ค. 2551",6.4244
"09 ต.ค. 2551",6.4874
"08 ต.ค. 2551",6.6407
"07 ต.ค. 2551",6.8792
"06 ต.ค. 2551",6.9983
"05 ต.ค. 2551",7.5241
"02 ต.ค. 2551",7.4126
"01 ต.ค. 2551",7.6004
"30 ก.ย. 2551",7.6566
"29 ก.ย. 2551",7.5741
"28 ก.ย. 2551",7.9251
"25 ก.ย. 2551",8.0853
"24 ก.ย. 2551",7.9427
"23 ก.ย. 2551",7.9824
"22 ก.ย. 2551",8.0907
"21 ก.ย. 2551",8.1793
"18 ก.ย. 2551",7.6609
"17 ก.ย. 2551",7.7583
"16 ก.ย. 2551",7.8388
"15 ก.ย. 2551",8.0934
"14 ก.ย. 2551",8.326
"11 ก.ย. 2551",8.1425
"10 ก.ย. 2551",8.2635
"09 ก.ย. 2551",8.296
"08 ก.ย. 2551",8.4149
"07 ก.ย. 2551",8.1281
"04 ก.ย. 2551",8.3645
"03 ก.ย. 2551",8.5034
"02 ก.ย. 2551",8.6469
"01 ก.ย. 2551",8.6123
"31 ส.ค. 2551",8.6614
"28 ส.ค. 2551",8.6193
"27 ส.ค. 2551",8.5015
"26 ส.ค. 2551",8.457
"25 ส.ค. 2551",8.5141
"24 ส.ค. 2551",8.5301
"21 ส.ค. 2551",8.3843
"20 ส.ค. 2551",8.4372
"19 ส.ค. 2551",8.4078
"18 ส.ค. 2551",8.5582
"17 ส.ค. 2551",8.5486
"14 ส.ค. 2551",8.5119
"13 ส.ค. 2551",8.4523
"12 ส.ค. 2551",8.6223
"10 ส.ค. 2551",8.6031
"07 ส.ค. 2551",8.6279
"06 ส.ค. 2551",8.6218
"05 ส.ค. 2551",8.5116
"04 ส.ค. 2551",8.4438
"03 ส.ค. 2551",8.4997
"31 ก.ค. 2551",8.6455
"30 ก.ค. 2551",8.6425
"29 ก.ค. 2551",8.5216
"28 ก.ค. 2551",8.5059
"27 ก.ค. 2551",8.5871
"24 ก.ค. 2551",8.6281
"23 ก.ค. 2551",8.6878
"22 ก.ค. 2551",8.6208
"21 ก.ค. 2551",8.6025
"20 ก.ค. 2551",8.5196
"17 ก.ค. 2551",8.3984
"15 ก.ค. 2551",8.3119
"14 ก.ค. 2551",8.4636
"13 ก.ค. 2551",8.417
"10 ก.ค. 2551",8.4978
"09 ก.ค. 2551",8.6592
"08 ก.ค. 2551",8.5851
"07 ก.ค. 2551",8.6939
"06 ก.ค. 2551",8.5814
"03 ก.ค. 2551",8.6863
"02 ก.ค. 2551",8.7072
"01 ก.ค. 2551",8.8611
"29 มิ.ย. 2551",8.7976
"26 มิ.ย. 2551",8.8196
"25 มิ.ย. 2551",8.9626
"24 มิ.ย. 2551",8.9219
"23 มิ.ย. 2551",8.9252
"22 มิ.ย. 2551",8.943
"19 มิ.ย. 2551",9.0847
"18 มิ.ย. 2551",9.0395
"17 มิ.ย. 2551",9.0585
"16 มิ.ย. 2551",9.0514
"15 มิ.ย. 2551",9.0682
"12 มิ.ย. 2551",9.0115
"11 มิ.ย. 2551",8.9429
"10 มิ.ย. 2551",9.1104
"09 มิ.ย. 2551",9.2893
"08 มิ.ย. 2551",9.2803
"05 มิ.ย. 2551",9.234
"04 มิ.ย. 2551",9.2414
"03 มิ.ย. 2551",9.3613
"02 มิ.ย. 2551",9.2453
"01 มิ.ย. 2551",9.2422
"29 พ.ค. 2551",9.258
"28 พ.ค. 2551",9.168
"27 พ.ค. 2551",9.1264
"26 พ.ค. 2551",9.0762
"25 พ.ค. 2551",9.0826
"22 พ.ค. 2551",9.1312
"21 พ.ค. 2551",9.1635
"20 พ.ค. 2551",9.2186
"19 พ.ค. 2551",9.281
"15 พ.ค. 2551",9.3212
"14 พ.ค. 2551",9.2234
"13 พ.ค. 2551",9.1552
"12 พ.ค. 2551",9.0344
"11 พ.ค. 2551",9.003
"08 พ.ค. 2551",9.0587
"07 พ.ค. 2551",9.0637
"06 พ.ค. 2551",9.0012
"05 พ.ค. 2551",9.0504
"01 พ.ค. 2551",8.8699
"29 เม.ย. 2551",8.9427
"28 เม.ย. 2551",8.9805
"27 เม.ย. 2551",8.8591
"24 เม.ย. 2551",8.8182
"23 เม.ย. 2551",8.8735
"22 เม.ย. 2551",8.7749
"21 เม.ย. 2551",8.8295
"20 เม.ย. 2551",8.9671
"17 เม.ย. 2551",8.7046
"16 เม.ย. 2551",8.6472
"15 เม.ย. 2551",8.7398
"10 เม.ย. 2551",8.6946
"09 เม.ย. 2551",8.7425
"08 เม.ย. 2551",8.827
"07 เม.ย. 2551",8.7832
"03 เม.ย. 2551",8.7108
"02 เม.ย. 2551",8.7376
"01 เม.ย. 2551",8.6135
"31 มี.ค. 2551",8.4179
"30 มี.ค. 2551",8.4807
"27 มี.ค. 2551",8.4556
"26 มี.ค. 2551",8.3967
"25 มี.ค. 2551",8.4192
"24 มี.ค. 2551",8.1922
"23 มี.ค. 2551",8.1762
"20 มี.ค. 2551",8.2163
"19 มี.ค. 2551",8.2835
"18 มี.ค. 2551",8.2171
"17 มี.ค. 2551",8.0314
"16 มี.ค. 2551",8.2076
"13 มี.ค. 2551",8.2473
"12 มี.ค. 2551",8.4106
"11 มี.ค. 2551",8.3089
"10 มี.ค. 2551",8.1602
"09 มี.ค. 2551",8.2968
"06 มี.ค. 2551",8.3983
"05 มี.ค. 2551",8.4705
"04 มี.ค. 2551",8.322
"03 มี.ค. 2551",8.4506
"02 มี.ค. 2551",8.7185
"28 ก.พ. 2551",8.8438
"27 ก.พ. 2551",8.924
"26 ก.พ. 2551",8.8448
"25 ก.พ. 2551",8.7877
"24 ก.พ. 2551",8.6123
"21 ก.พ. 2551",8.6752
"19 ก.พ. 2551",8.8494
"18 ก.พ. 2551",8.7653
"17 ก.พ. 2551",8.6996
"14 ก.พ. 2551",8.8981
"13 ก.พ. 2551",8.7796
"12 ก.พ. 2551",8.7181
"11 ก.พ. 2551",8.5911
"10 ก.พ. 2551",8.6518
"07 ก.พ. 2551",8.6924
"06 ก.พ. 2551",8.7932
"05 ก.พ. 2551",8.8837
"04 ก.พ. 2551",9.0914
"03 ก.พ. 2551",9.1196
"31 ม.ค. 2551",8.9186
"30 ม.ค. 2551",8.9168
"29 ม.ค. 2551",8.9361
"28 ม.ค. 2551",8.745
"27 ม.ค. 2551",8.9825
"24 ม.ค. 2551",8.7447
"23 ม.ค. 2551",8.5101
"22 ม.ค. 2551",8.4472
"21 ม.ค. 2551",8.4453
"20 ม.ค. 2551",8.8053
"17 ม.ค. 2551",8.9542
"16 ม.ค. 2551",9.0909
"15 ม.ค. 2551",9.2231
"14 ม.ค. 2551",9.3694
"13 ม.ค. 2551",9.3524
"10 ม.ค. 2551",9.3068
"09 ม.ค. 2551",9.3649
"08 ม.ค. 2551",9.5761
"07 ม.ค. 2551",9.4805
"06 ม.ค. 2551",9.5701
"03 ม.ค. 2551",9.7173
"02 ม.ค. 2551",9.8061
"01 ม.ค. 2551",9.9221
"27 ธ.ค. 2550",9.9366
"26 ธ.ค. 2550",9.9085
"25 ธ.ค. 2550",9.8815
"24 ธ.ค. 2550",9.8688
"20 ธ.ค. 2550",9.7032
"19 ธ.ค. 2550",9.7021
"18 ธ.ค. 2550",9.6597
"17 ธ.ค. 2550",9.7523
"16 ธ.ค. 2550",9.9576
"13 ธ.ค. 2550",9.9725
"12 ธ.ค. 2550",10.2052
"11 ธ.ค. 2550",10.2224
"10 ธ.ค. 2550",10.1657
"06 ธ.ค. 2550",10.0619
"05 ธ.ค. 2550",9.9006
"03 ธ.ค. 2550",10.0404
"02 ธ.ค. 2550",10.1333
"29 พ.ย. 2550",10.0178
"28 พ.ย. 2550",9.8261
"27 พ.ย. 2550",9.7302
"26 พ.ย. 2550",9.9537
"25 พ.ย. 2550",9.8367
"22 พ.ย. 2550",9.7127
"21 พ.ย. 2550",9.675
"20 พ.ย. 2550",9.8859
"19 พ.ย. 2550",9.7624
"18 พ.ย. 2550",9.8292
"15 พ.ย. 2550",10.011
"14 พ.ย. 2550",10.1143
"13 พ.ย. 2550",9.9174
"12 พ.ย. 2550",9.9644
"11 พ.ย. 2550",10.0073
"08 พ.ย. 2550",10.154
"07 พ.ย. 2550",10.3027
"06 พ.ย. 2550",10.2971
"05 พ.ย. 2550",10.2614
"04 พ.ย. 2550",10.3423
"01 พ.ย. 2550",10.4278
"31 ต.ค. 2550",10.5369
"30 ต.ค. 2550",10.5001
"29 ต.ค. 2550",10.507
"28 ต.ค. 2550",10.4344
"25 ต.ค. 2550",10.3493
"24 ต.ค. 2550",10.2419
"23 ต.ค. 2550",10.2691
"21 ต.ค. 2550",10.3961
"18 ต.ค. 2550",10.3901
"17 ต.ค. 2550",10.4522
"16 ต.ค. 2550",10.4743
"15 ต.ค. 2550",10.5242
"14 ต.ค. 2550",10.5606
"11 ต.ค. 2550",10.6605
"10 ต.ค. 2550",10.2718
"09 ต.ค. 2550",10.2534
"08 ต.ค. 2550",10.2469
"07 ต.ค. 2550",10.2066
"04 ต.ค. 2550",10.187
"03 ต.ค. 2550",10.214
"02 ต.ค. 2550",10.2178
"01 ต.ค. 2550",10.1253
"30 ก.ย. 2550",10.054
"27 ก.ย. 2550",10.0788
"26 ก.ย. 2550",10.0024
"25 ก.ย. 2550",10.0062
"24 ก.ย. 2550",9.9461
"23 ก.ย. 2550",9.9769
"20 ก.ย. 2550",9.9542
"19 ก.ย. 2550",10.0004
"18 ก.ย. 2550",9.7171
"17 ก.ย. 2550",9.6324
"16 ก.ย. 2550",9.724
"13 ก.ย. 2550",9.7357
"12 ก.ย. 2550",9.6833
"11 ก.ย. 2550",9.5947
"10 ก.ย. 2550",9.7686
"09 ก.ย. 2550",9.72
"06 ก.ย. 2550",9.8764
"05 ก.ย. 2550",9.8289
"04 ก.ย. 2550",9.9777
"03 ก.ย. 2550",9.896
"02 ก.ย. 2550",9.9091
"30 ส.ค. 2550",9.8203
"29 ส.ค. 2550",9.6748
"28 ส.ค. 2550",9.7426
"27 ส.ค. 2550",9.8476
"26 ส.ค. 2550",9.8363
"23 ส.ค. 2550",9.8229
"22 ส.ค. 2550",9.737
"21 ส.ค. 2550",9.6659
"20 ส.ค. 2550",9.65
"19 ส.ค. 2550",9.5783
"16 ส.ค. 2550",9.3843
"15 ส.ค. 2550",9.5845
"14 ส.ค. 2550",9.6507
"13 ส.ค. 2550",9.6532
"09 ส.ค. 2550",9.9623
